{
  "loss": 0.6344543263316155,
  "accuracy": 0.6470588235294118,
  "precision": 0.6470588235294118,
  "recall": 1.0,
  "f1": 0.7857142857142858,
  "confusion_matrix": [
    [
      0,
      6
    ],
    [
      0,
      11
    ]
  ]
}