{
  "loss": 0.28130562567710876,
  "accuracy": 0.88125,
  "precision": 0.8598395469561114,
  "recall": 0.911,
  "f1": 0.8846807477543093,
  "confusion_matrix": [
    [
      1703,
      297
    ],
    [
      178,
      1822
    ]
  ]
}