{
  "loss": 0.6932005105018616,
  "accuracy": 0.4645,
  "precision": 0.47348767737117253,
  "recall": 0.634,
  "f1": 0.5421120136810603,
  "confusion_matrix": [
    [
      590,
      1410
    ],
    [
      732,
      1268
    ]
  ]
}