{
  "loss": 0.5717169618606568,
  "accuracy": 0.68925,
  "precision": 0.6722803823395539,
  "recall": 0.7385,
  "f1": 0.7038360733857517,
  "confusion_matrix": [
    [
      1280,
      720
    ],
    [
      523,
      1477
    ]
  ]
}