{
  "loss": 0.44951548299193383,
  "accuracy": 0.807,
  "precision": 0.9217032967032966,
  "recall": 0.671,
  "f1": 0.7766203703703702,
  "confusion_matrix": [
    [
      1886,
      114
    ],
    [
      658,
      1342
    ]
  ]
}