{
  "loss": 0.1570819103863181,
  "accuracy": 0.94345,
  "precision": 0.9625534578074476,
  "recall": 0.9228,
  "f1": 0.9422576198499004,
  "roc_auc": 0.98787783,
  "confusion_matrix": [
    [
      9641,
      359
    ],
    [
      772,
      9228
    ]
  ]
}