{
  "loss": 0.5330072104930877,
  "accuracy": 0.7647058823529411,
  "precision": 0.7647058823529411,
  "recall": 1.0,
  "f1": 0.8666666666666666,
  "confusion_matrix": [
    [
      0,
      4
    ],
    [
      0,
      13
    ]
  ]
}