{
  "loss": 0.6931487161938737,
  "accuracy": 0.50055,
  "precision": 0.5002763680217075,
  "recall": 0.9956,
  "f1": 0.6659309053208923,
  "roc_auc": 0.50055,
  "confusion_matrix": [
    [
      55,
      9945
    ],
    [
      44,
      9956
    ]
  ]
}