{
  "loss": 0.6979296803474426,
  "accuracy": 0.4444444444444444,
  "precision": 0.4444444444444444,
  "recall": 1.0,
  "f1": 0.6153846153846153,
  "confusion_matrix": [
    [
      0,
      5
    ],
    [
      0,
      4
    ]
  ]
}