{
  "loss": 0.4416207896500099,
  "accuracy": 0.7946,
  "precision": 0.8287946428571429,
  "recall": 0.7426,
  "f1": 0.7833333333333333,
  "roc_auc": 0.8822509350000001,
  "confusion_matrix": [
    [
      8466,
      1534
    ],
    [
      2574,
      7426
    ]
  ]
}