{
  "loss": 0.2345783423359801,
  "accuracy": 0.90395,
  "precision": 0.9031839504940613,
  "recall": 0.9049,
  "f1": 0.9040411608971477,
  "roc_auc": 0.96666722,
  "confusion_matrix": [
    [
      9030,
      970
    ],
    [
      951,
      9049
    ]
  ]
}