{
  "loss": 0.5641786217689514,
  "accuracy": 0.8823529411764706,
  "precision": 0.8823529411764706,
  "recall": 1.0,
  "f1": 0.9375,
  "confusion_matrix": [
    [
      0,
      2
    ],
    [
      0,
      15
    ]
  ]
}