{
  "loss": 0.5993519028027853,
  "accuracy": 0.6666666666666666,
  "precision": 0.625,
  "recall": 1.0,
  "f1": 0.7692307692307693,
  "confusion_matrix": [
    [
      1,
      3
    ],
    [
      0,
      5
    ]
  ]
}